Console Address,OS,HW Type
d1ppap1000-ilo.1dc.com,CentOS 6 X86_64,PROLIANT DL380P GEN8
d1ppap1001-ilo.1dc.com,CentOS 6 X86_64,PROLIANT DL380P GEN8
d1ppap1002-ilo.1dc.com,CentOS 6 X86_64,PROLIANT DL380P GEN8
d1ppap1003-ilo.1dc.com,CentOS 6 X86_64,PROLIANT DL380P GEN8
d1ppap1004-ilo.1dc.com,CentOS 6 X86_64,PROLIANT DL380P GEN8
d1ppap1005-ilo.1dc.com,CentOS 6 X86_64,PROLIANT DL380P GEN8
d1ppap1006-ilo.1dc.com,CentOS 6 X86_64,PROLIANT DL380P GEN8
d1ppap1007-ilo.1dc.com,CentOS 6 X86_64,PROLIANT DL380P GEN8
d1ppap1008-ilo.1dc.com,CentOS 6 X86_64,PROLIANT DL380P GEN8
d1ppap1010-ilo.1dc.com,CentOS 6 X86_64,PROLIANT DL380P GEN8
d1ppap1011-ilo.1dc.com,CentOS 6 X86_64,PROLIANT DL380P GEN8
d1ppap1012-ilo.1dc.com,CentOS 6 X86_64,PROLIANT DL380P GEN8
d1ppap1013-ilo.1dc.com,CentOS 6 X86_64,PROLIANT DL380P GEN8
d1ppap1014-ilo.1dc.com,CentOS 6 X86_64,PROLIANT DL380P GEN8
d1ppap1015-ilo.1dc.com,CentOS 6 X86_64,PROLIANT DL380P GEN8
d1ppap1016-ilo.1dc.com,CentOS 6 X86_64,PROLIANT DL380P GEN8
d1ppap1017-ilo.1dc.com,CentOS 6 X86_64,PROLIANT DL380P GEN8
d1ppap1018-ilo.1dc.com,CentOS 6 X86_64,PROLIANT DL380P GEN8
d1ppap1019-ilo.1dc.com,CentOS 6 X86_64,PROLIANT DL380P GEN8
d1ppap1020-ilo.1dc.com,CentOS 6 X86_64,PROLIANT DL380P GEN8
d1ppap1021-ilo.1dc.com,CentOS 6 X86_64,PROLIANT DL380P GEN8
d1ppap1022-ilo.1dc.com,CentOS 6 X86_64,PROLIANT DL380P GEN8
d1ppap1023-ilo.1dc.com,CentOS 6 X86_64,PROLIANT DL380P GEN8
d1ppap1024-ilo.1dc.com,CentOS 6 X86_64,PROLIANT DL380P GEN8
d1ppap1025-ilo.1dc.com,CentOS 6 X86_64,PROLIANT DL380P GEN8
d1ppap1026-ilo.1dc.com,CentOS 6 X86_64,PROLIANT DL380P GEN8
d1ppap1027-ilo.1dc.com,CentOS 6 X86_64,PROLIANT DL380P GEN8
d1ppap1028-ilo.1dc.com,CentOS 6 X86_64,PROLIANT DL380P GEN8
d1ppap1029-ilo.1dc.com,CentOS 6 X86_64,PROLIANT DL380P GEN8
d1ppap1030-drac.1dc.com,CentOS 6 X86_64,POWEREDGE R620
d1ppap1031-drac.1dc.com,CentOS 6 X86_64,POWEREDGE R720XD
d1ppap1032-drac.1dc.com,CentOS 6 X86_64,POWEREDGE R720XD
d1ppap1033-drac.1dc.com,CentOS 6 X86_64,POWEREDGE R720XD
d1ppap1034-drac.1dc.com,CentOS 6 X86_64,POWEREDGE R620
d1ppap1035-drac.1dc.com,CentOS 6 X86_64,POWEREDGE R720XD
d1ppap1036-drac.1dc.com,CentOS 6 X86_64,POWEREDGE R720XD
d1ppap1037-drac.1dc.com,CentOS 6 X86_64,POWEREDGE R720XD
d1ppap1038-drac.1dc.com,CentOS 6 X86_64,POWEREDGE R620
d1ppap1039-drac.1dc.com,CentOS 6 X86_64,POWEREDGE R720XD
d1ppap1040-drac.1dc.com,CentOS 6 X86_64,POWEREDGE R720XD
d1ppap1041-drac.1dc.com,CentOS 6 X86_64,POWEREDGE R720XD
d1ppap1042-drac.1dc.com,CentOS 6 X86_64,POWEREDGE R720XD
d1ppap1043-drac.1dc.com,CentOS 6 X86_64,POWEREDGE R720XD
d1ppap1044-drac.1dc.com,CentOS 6 X86_64,POWEREDGE R720XD
d1ppap1052-ilo.1dc.com,CentOS 6 X86_64,PROLIANT DL380 GEN9
d1ppap1053-ilo.1dc.com,CentOS 6 X86_64,PROLIANT DL380 GEN9
d1ppap1054-ilo.1dc.com,CentOS 6 X86_64,PROLIANT DL380 GEN9
d1ppap1055-ilo.1dc.com,CentOS 6 X86_64,PROLIANT DL380 GEN9
d1ppap1056-ilo.1dc.com,CentOS 6 X86_64,PROLIANT DL380 GEN9
d1ppap1057-ilo.1dc.com,CentOS 6 X86_64,PROLIANT DL380 GEN9
d1ppap1058-ilo.1dc.com,CentOS 6 X86_64,PROLIANT DL380 GEN9
D1PPAP1059-ilo.1dc.com,CentOS 6 X86_64,PROLIANT DL380 GEN9
d1ppap1060-ilo.1dc.com,CentOS 6 X86_64,PROLIANT DL380 GEN9
d1ppap1061-ilo.1dc.com,CentOS 6 X86_64,PROLIANT DL380 GEN9
d1ppap1062-ilo.1dc.com,CentOS 6 X86_64,PROLIANT DL380 GEN9
d1ppap1063-ilo.1dc.com,CentOS 6 X86_64,PROLIANT DL380 GEN9
d1ppap1064-ilo.1dc.com,CentOS 6 X86_64,PROLIANT DL380 GEN9
d1ppap1065-ilo.1dc.com,CentOS 6 X86_64,PROLIANT DL380 GEN9
d1ppap1066-ilo.1dc.com,CentOS 6 X86_64,PROLIANT DL380 GEN9
d1ppap1067-ilo.1dc.com,CentOS 6 X86_64,PROLIANT DL380 GEN9
d1ppap1068-ilo.1dc.com,CentOS 6 X86_64,PROLIANT DL380 GEN9
d1ppap1069-ilo.1dc.com,CentOS 6 X86_64,PROLIANT DL380 GEN9
d1ppap1070-ilo.1dc.com,CentOS 6 X86_64,PROLIANT DL380 GEN9
d1ppap1071-ilo.1dc.com,CentOS 6 X86_64,PROLIANT DL380 GEN9
d1ppap1072-ilo.1dc.com,CentOS 6 X86_64,PROLIANT DL380 GEN9
d1ppap1073-ilo.1dc.com,CentOS 6 X86_64,PROLIANT DL380 GEN9
d1ppap1074-ilo.1dc.com,CentOS 6 X86_64,PROLIANT DL380 GEN9
d1ppap1075-ilo.1dc.com,CentOS 6 X86_64,PROLIANT DL380 GEN9
d1ppap1076-ilo.1dc.com,CentOS 6 X86_64,PROLIANT DL380 GEN9
d1ppap1077-ilo.1dc.com,CentOS 7 X86_64,PROLIANT DL380 GEN9
d1ppap1078-ilo.1dc.com,CentOS 7 X86_64,PROLIANT DL380 GEN9
d1ppap1079-ilo.1dc.com,CentOS 7 X86_64,PROLIANT DL380 GEN9
d1ppap1080-ilo.1dc.com,CentOS 7 X86_64,PROLIANT DL380 GEN9
d1ppap1081-ilo.1dc.com,CentOS 7 X86_64,PROLIANT DL380 GEN9
d1ppap1082-ilo.1dc.com,CentOS 7 X86_64,PROLIANT DL380 GEN9
d1ppap1083-ilo.1dc.com,CentOS 7 X86_64,PROLIANT DL380 GEN9
d1ppap1084-ilo.1dc.com,CentOS 7 X86_64,PROLIANT DL380 GEN9
d1ppap1085-ilo.1dc.com,CentOS 7 X86_64,PROLIANT DL380 GEN9
d1ppap1086-ilo.1dc.com,CentOS 7 X86_64,PROLIANT DL380 GEN9
d1ppds1000-ilo.1dc.com,CentOS 7 X86_64,PROLIANT DL380P GEN8
d3cpap1002-drac.1dc.com,CentOS 6 X86_64,POWEREDGE R720XD
d3cpap1003-drac.1dc.com,CentOS 6 X86_64,POWEREDGE R720XD
d3cpap1004-drac.1dc.com,CentOS 6 X86_64,POWEREDGE R720XD
d3cpap1006-drac.1dc.com,CentOS 6 X86_64,POWEREDGE R720XD
d3cpap1007-drac.1dc.com,CentOS 6 X86_64,POWEREDGE R720XD
d3cpap1008-drac.1dc.com,CentOS 6 X86_64,POWEREDGE R720XD
d3cpap1009-drac.1dc.com,CentOS 6 X86_64,POWEREDGE R620
d3cpap1010-drac.1dc.com,CentOS 6 X86_64,POWEREDGE R720XD
d3ppap1000-drac.1dc.com,CentOS 6 X86_64,POWEREDGE R620
d3ppap1001-drac.1dc.com,CentOS 6 X86_64,POWEREDGE R620
d3ppap1002-drac.1dc.com,CentOS 6 X86_64,POWEREDGE R720XD
d3ppap1003-drac.1dc.com,CentOS 6 X86_64,POWEREDGE R720XD
d3ppap1004-drac.1dc.com,CentOS 6 X86_64,POWEREDGE R720XD
d3ppap1005-drac.1dc.com,CentOS 6 X86_64,POWEREDGE R720XD
d3ppap1009-drac.1dc.com,CentOS 6 X86_64,POWEREDGE R720XD
d3ppap1010-drac.1dc.com,CentOS 6 X86_64,POWEREDGE R720XD
d3ppap1011-drac.1dc.com,CentOS 6 X86_64,POWEREDGE R720XD
d3ppap1025-drac.1dc.com,CentOS 6 X86_64,POWEREDGE R720XD
d3ppap1026-drac.1dc.com,CentOS 6 X86_64,POWEREDGE R720XD
d3ppap1027-drac.1dc.com,CentOS 6 X86_64,POWEREDGE R720XD
d3ppap1028-drac.1dc.com,CentOS 6 X86_64,POWEREDGE R720XD
d3ppap1029-drac.1dc.com,CentOS 6 X86_64,POWEREDGE R720XD
d3ppap1033-drac.1dc.com,CentOS 6 X86_64,POWEREDGE R720XD
d3ppap1034-drac.1dc.com,CentOS 6 X86_64,POWEREDGE R720XD
d3ppap1035-drac.1dc.com,CentOS 6 X86_64,POWEREDGE R720XD
d3ppap1036-drac.1dc.com,CentOS 6 X86_64,POWEREDGE R720XD
d3ppap1037-drac.1dc.com,CentOS 6 X86_64,POWEREDGE R730XD
d3ppap1038-drac.1dc.com,CentOS 6 X86_64,POWEREDGE R730XD
d3ppap1039-drac.1dc.com,CentOS 6 X86_64,POWEREDGE R730XD
d3ppap1040-drac.1dc.com,CentOS 6 X86_64,POWEREDGE R730XD
d3ppap1041-drac.1dc.com,CentOS 6 X86_64,POWEREDGE R730XD
d3ppap1042-drac.1dc.com,CentOS 6 X86_64,POWEREDGE R730XD
d3ppap1043-drac.1dc.com,CentOS 6 X86_64,POWEREDGE R730XD
d3ppap1044-drac.1dc.com,CentOS 6 X86_64,POWEREDGE R730XD
dabptl1000-ilo.1dc.com,CentOS 6 X86_64,PROLIANT DL380 G7
dabptl1001-ilo.1dc.com,CentOS 6 X86_64,PROLIANT DL380 G7
dbpptl1000-ilo.1dc.com,CentOS 6 X86_64,PROLIANT DL380 G7
dbpptl1001-ilo.1dc.com,CentOS 6 X86_64,PROLIANT DL380 G7
DKPPSE1000-bmc.1dc.com,CentOS 6 X86_64,PROLIANT DL380P GEN8
DKPPSE1001-bmc.1dc.com,CentOS 6 X86_64,PROLIANT DL380P GEN8
DLPPSE1000-bmc.1dc.com,CentOS 6 X86_64,PROLIANT DL380P GEN8
DLPPSE1001-bmc.1dc.com,CentOS 6 X86_64,PROLIANT DL380P GEN8
l1ppap1000-bmc.1dc.com,CentOS 6 X86_64,ICEBREAKER 4824 W/ DUAL 1200W PS
l1ppap1001-bmc.1dc.com,CentOS 6 X86_64,ICEBREAKER 4824 W/ DUAL 1200W PS
l1ppap1002-bmc.1dc.com,CentOS 6 X86_64,ICEBREAKER 4824 W/ DUAL 1200W PS
l1ppap1003-bmc.1dc.com,CentOS 6 X86_64,ICEBREAKER 4824 W/ DUAL 1200W PS
l1ppap1004-bmc.1dc.com,CentOS 6 X86_64,ICEBREAKER 4824 W/ DUAL 1200W PS
l1ppap1005-bmc.1dc.com,CentOS 6 X86_64,ICEBREAKER 4824 W/ DUAL 1200W PS
l1ppap1006-bmc.1dc.com,CentOS 6 X86_64,ICEBREAKER 4824 W/ DUAL 1200W PS
l1ppap1007-bmc.1dc.com,CentOS 6 X86_64,ICEBREAKER 4824 W/ DUAL 1200W PS
l1ppap1008-bmc.1dc.com,CentOS 6 X86_64,ICEBREAKER 4824 W/ DUAL 1200W PS
l1ppap1009-bmc.1dc.com,CentOS 6 X86_64,ICEBREAKER 4824 W/ DUAL 1200W PS
l1ppap1010-bmc.1dc.com,CentOS 6 X86_64,RELION 2800 TO BE FILLED BY O.E.M.
l1ppap1011-bmc.1dc.com,CentOS 6 X86_64,S210-X12RS TO BE FILLED BY O.E.M.
l1ppap1012-bmc.1dc.com,CentOS 6 X86_64,RELION 1800 TO BE FILLED BY O.E.M.
l1ppap1013-bmc.1dc.com,CentOS 6 X86_64,RELION 1800 TO BE FILLED BY O.E.M.
l1ppap1014-bmc.1dc.com,CentOS 6 X86_64,RELION 1800 TO BE FILLED BY O.E.M.
l1ppap1015-bmc.1dc.com,CentOS 6 X86_64,RELION 1800 TO BE FILLED BY O.E.M.
l1ppap1016-bmc.1dc.com,CentOS 6 X86_64,RELION 1800 TO BE FILLED BY O.E.M.
l1ppap1017-bmc.1dc.com,CentOS 6 X86_64,RELION 1800 TO BE FILLED BY O.E.M.
l1ppap1018-ilo.1dc.com,CentOS 6 X86_64,POWEREDGE R720
l1ppap1019-ilo.1dc.com,CentOS 6 X86_64,POWEREDGE R720
l1ppap1020-ilo.1dc.com,CentOS 6 X86_64,POWEREDGE R620
l1ppap1021-ilo.1dc.com,CentOS 6 X86_64,POWEREDGE R620
l1ppap1022-ilo.1dc.com,CentOS 6 X86_64,POWEREDGE R620
l1ppap1023-ilo.1dc.com,CentOS 6 X86_64,POWEREDGE R620
l1ppap1024-ilo.1dc.com,CentOS 6 X86_64,POWEREDGE R620
l1ppap1025-ilo.1dc.com,CentOS 6 X86_64,POWEREDGE R620
l1ppap1026-ilo.1dc.com,CentOS 6 X86_64,POWEREDGE R620
l1ppap1027-ilo.1dc.com,CentOS 6 X86_64,POWEREDGE R620
l1ppap1028-ilo.1dc.com,CentOS 6 X86_64,POWEREDGE R620
l1ppap1029-ilo.1dc.com,CentOS 6 X86_64,POWEREDGE R620
l1ppap1031-bmc.1dc.com,CentOS 6 X86_64,ICEBREAKER 4824 W/ DUAL 1200W PS
l1ppap1032-bmc.1dc.com,CentOS 6 X86_64,ICEBREAKER 4824 W/ DUAL 1200W PS
l1ppap1033-bmc.1dc.com,CentOS 6 X86_64,ICEBREAKER 4824 W/ DUAL 1200W PS
l1ppap1034-bmc.1dc.com,CentOS 6 X86_64,ICEBREAKER 4824 W/ DUAL 1200W PS
l1ppap1035-bmc.1dc.com,CentOS 6 X86_64,ICEBREAKER 4824 W/ DUAL 1200W PS
l1ppap1036-bmc.1dc.com,CentOS 6 X86_64,RELION 1800 TO BE FILLED BY O.E.M.
l1ppap1037-bmc.1dc.com,CentOS 6 X86_64,RELION 1800 TO BE FILLED BY O.E.M.
l1ppap1038-bmc.1dc.com,CentOS 6 X86_64,RELION 1800 TO BE FILLED BY O.E.M.
l1ppap1039-bmc.1dc.com,CentOS 6 X86_64,RELION 1800 TO BE FILLED BY O.E.M.
l1ppap1040-bmc.1dc.com,CentOS 6 X86_64,RELION 1800 TO BE FILLED BY O.E.M.
l1ppap1041-ilo.1dc.com,CentOS 6 X86_64,PROLIANT DL380P GEN8
l1ppap1042-ilo.1dc.com,CentOS 6 X86_64,PROLIANT DL380P GEN8
l1ppap1043-ilo.1dc.com,CentOS 6 X86_64,PROLIANT DL380P GEN8
l1ppap1044-ilo.1dc.com,CentOS 6 X86_64,PROLIANT DL380P GEN8
l1ppap1063-ilo.1dc.com,CentOS 6 X86_64,PROLIANT DL380P GEN8
l1ppap1064-ilo.1dc.com,CentOS 6 X86_64,PROLIANT DL380P GEN8
l1ppap1065-ilo.1dc.com,CentOS 6 X86_64,PROLIANT DL380P GEN8
l1ppap1066-ilo.1dc.com,CentOS 6 X86_64,PROLIANT DL380P GEN8
l1ppap1067-ilo.1dc.com,CentOS 6 X86_64,PROLIANT DL380P GEN8
l1ppap1068-ilo.1dc.com,CentOS 6 X86_64,PROLIANT DL380P GEN8
l1ppap1069-ilo.1dc.com,CentOS 6 X86_64,PROLIANT DL380P GEN8
l1ppap1070-ilo.1dc.com,CentOS 6 X86_64,PROLIANT DL380P GEN8
l1ppap1071-ilo.1dc.com,CentOS 6 X86_64,PROLIANT DL380P GEN8
l1ppap1072-ilo.1dc.com,CentOS 6 X86_64,PROLIANT DL380P GEN8
l1ppap1073-ilo.1dc.com,CentOS 6 X86_64,PROLIANT DL380P GEN8
l1ppap1074-ilo.1dc.com,CentOS 6 X86_64,PROLIANT DL380P GEN8
l1ppap1075-ilo.1dc.com,CentOS 6 X86_64,PROLIANT DL380P GEN8
l1ppap1076-ilo.1dc.com,CentOS 6 X86_64,PROLIANT DL380P GEN8
l1ppap1077-ilo.1dc.com,CentOS 6 X86_64,PROLIANT DL380P GEN8
l1ppap1078-ilo.1dc.com,CentOS 6 X86_64,PROLIANT DL380P GEN8
l1ppap1079-ilo.1dc.com,CentOS 6 X86_64,PROLIANT DL380P GEN8
l1ppap1080-ilo.1dc.com,CentOS 6 X86_64,PROLIANT DL380P GEN8
l1ppap1081-ilo.1dc.com,CentOS 6 X86_64,PROLIANT DL380P GEN8
l1ppap1082-ilo.1dc.com,CentOS 6 X86_64,PROLIANT DL380P GEN8
l1ppap1083-ilo.1dc.com,CentOS 6 X86_64,PROLIANT DL380P GEN8
l1ppap1084-ilo.1dc.com,CentOS 6 X86_64,PROLIANT DL380P GEN8
l1ppap1085-bmc.1dc.com,CentOS 6 X86_64,ICEBREAKER 4824
l1ppap1086-bmc.1dc.com,CentOS 6 X86_64,ICEBREAKER 4824
l1ppap1087-bmc.1dc.com,CentOS 6 X86_64,ICEBREAKER 4824
l1ppap1088-bmc.1dc.com,CentOS 6 X86_64,X9DR3-F 1234567890
l1ppap1089-bmc.1dc.com,CentOS 6 X86_64,ICEBREAKER 4824
l1ppap1090-bmc.1dc.com,CentOS 6 X86_64,ICEBREAKER 4824
l1ppap1091-bmc.1dc.com,CentOS 6 X86_64,ICEBREAKER 4824
l1ppap1092-bmc.1dc.com,CentOS 6 X86_64,ICEBREAKER 4824
l1ppap1093-bmc.1dc.com,CentOS 6 X86_64,ICEBREAKER 4824
l1ppap1094-bmc.1dc.com,CentOS 6 X86_64,ICEBREAKER 4824
l1ppap1095-bmc.1dc.com,CentOS 6 X86_64,ICEBREAKER 4824
l1ppap1096-bmc.1dc.com,CentOS 6 X86_64,ICEBREAKER 4824
l1ppap1097-bmc.1dc.com,CentOS 6 X86_64,ICEBREAKER 4824
l1ppap1098-bmc.1dc.com,CentOS 6 X86_64,ICEBREAKER 4824
l1ppap1099-bmc.1dc.com,CentOS 6 X86_64,ICEBREAKER 4824
l1ppdo1000-ilo.1dc.com,CentOS 6 X86_64,POWEREDGE R720
l3bpap1000-ilo.1dc.com,CentOS 6 X86_64,PROLIANT DL380P GEN8
l3bpap1001-ilo.1dc.com,CentOS 6 X86_64,PROLIANT DL380P GEN8
l3bpap1002-ilo.1dc.com,CentOS 6 X86_64,PROLIANT DL380P GEN8
l3bpap1003-ilo.1dc.com,CentOS 6 X86_64,PROLIANT DL380P GEN8
l3bpap1004-ilo.1dc.com,CentOS 6 X86_64,PROLIANT DL380P GEN8
l3bpap1005-ilo.1dc.com,CentOS 6 X86_64,PROLIANT DL380P GEN8
l3bpap1006-ilo.1dc.com,CentOS 6 X86_64,PROLIANT DL380P GEN8
l3bpap1007-ilo.1dc.com,CentOS 6 X86_64,PROLIANT DL380P GEN8
l3bpap1008-ilo.1dc.com,CentOS 6 X86_64,PROLIANT DL380P GEN8
l3bpap1009-ilo.1dc.com,CentOS 6 X86_64,PROLIANT DL380P GEN8
l3bpap1010-ilo.1dc.com,CentOS 6 X86_64,PROLIANT DL380P GEN8
l3bpap1011-ilo.1dc.com,CentOS 6 X86_64,PROLIANT DL380P GEN8
l3ppap1000-bmc.1dc.com,CentOS 6 X86_64,ICEBREAKER 4824 W/ DUAL 1200W PS
l3ppap1001-bmc.1dc.com,CentOS 6 X86_64,ICEBREAKER 4824 W/ DUAL 1200W PS
l3ppap1002-bmc.1dc.com,CentOS 6 X86_64,ICEBREAKER 4824 W/ DUAL 1200W PS
l3ppap1003-bmc.1dc.com,CentOS 6 X86_64,ICEBREAKER 4824 W/ DUAL 1200W PS
l3ppap1004-bmc.1dc.com,CentOS 6 X86_64,ICEBREAKER 4824 W/ DUAL 1200W PS
l3ppap1005-bmc.1dc.com,CentOS 6 X86_64,ICEBREAKER 4824 W/ DUAL 1200W PS
l3ppap1006-bmc.1dc.com,CentOS 6 X86_64,RELION 2800 TO BE FILLED BY O.E.M.
l3ppap1007-bmc.1dc.com,CentOS 6 X86_64,RELION 1800 TO BE FILLED BY O.E.M.
l3ppap1008-bmc.1dc.com,CentOS 6 X86_64,RELION 1800 TO BE FILLED BY O.E.M.
l3ppap1009-bmc.1dc.com,CentOS 6 X86_64,RELION 1800 TO BE FILLED BY O.E.M.
l3ppap1010-bmc.1dc.com,CentOS 6 X86_64,RELION 1800 TO BE FILLED BY O.E.M.
l3ppap1011-bmc.1dc.com,CentOS 6 X86_64,RELION 1800 TO BE FILLED BY O.E.M.
l3ppap1012-bmc.1dc.com,CentOS 6 X86_64,ICEBREAKER 4824 W/ DUAL 1200W PS
l3ppap1013-bmc.1dc.com,CentOS 6 X86_64,ICEBREAKER 4824 W/ DUAL 1200W PS
l3ppap1014-bmc.1dc.com,CentOS 6 X86_64,ICEBREAKER 4824 W/ DUAL 1200W PS
l3ppap1015-bmc.1dc.com,CentOS 6 X86_64,ICEBREAKER 4824 W/ DUAL 1200W PS
l3ppap1016-bmc.1dc.com,CentOS 6 X86_64,ICEBREAKER 4824 W/ DUAL 1200W PS
l3ppap1017-bmc.1dc.com,CentOS 6 X86_64,RELION 1800 TO BE FILLED BY O.E.M.
l3ppap1018-bmc.1dc.com,CentOS 6 X86_64,RELION 1800 TO BE FILLED BY O.E.M.
l3ppap1019-bmc.1dc.com,CentOS 6 X86_64,RELION 1800 TO BE FILLED BY O.E.M.
l3ppap1020-bmc.1dc.com,CentOS 6 X86_64,RELION 1800 TO BE FILLED BY O.E.M.
l3ppap1021-bmc.1dc.com,CentOS 6 X86_64,RELION 1800 TO BE FILLED BY O.E.M.
l3ppap1044-bmc.1dc.com,CentOS 6 X86_64,ICEBREAKER 4824
l3ppap1045-bmc.1dc.com,CentOS 6 X86_64,ICEBREAKER 4824
l3ppap1046-bmc.1dc.com,CentOS 6 X86_64,ICEBREAKER 4824
l3ppap1047-bmc.1dc.com,CentOS 6 X86_64,ICEBREAKER 4824
l3ppap1048-bmc.1dc.com,CentOS 6 X86_64,ICEBREAKER 4824
l3ppap1049-bmc.1dc.com,CentOS 6 X86_64,X9DR3-F 0123456789
l3ppap1050-bmc.1dc.com,CentOS 6 X86_64,ICEBREAKER 4824 P100144699
l3ppap1051-bmc.1dc.com,CentOS 6 X86_64,ICEBREAKER 4824
l3ppap1052-bmc.1dc.com,CentOS 6 X86_64,ICEBREAKER 4824
l3ppap1053-bmc.1dc.com,CentOS 6 X86_64,ICEBREAKER 4824
l3ppap1054-bmc.1dc.com,CentOS 6 X86_64,ICEBREAKER 4824
n1ppdb003-ilo.1dc.com,SuSE Linux Enterprise Server 10 X86_64,PROLIANT BL480C G1
n1ppir003-ilo.1dc.com,SuSE Linux Enterprise Server 11 X86_64,PROLIANT DL585 G7
n1ppir004-ilo.1dc.com,SuSE Linux Enterprise Server 11 X86_64,PROLIANT DL585 G7
n1ppir005-ilo.1dc.com,SuSE Linux Enterprise Server 11 X86_64,PROLIANT DL585 G7
n1ppir006-ilo.1dc.com,SuSE Linux Enterprise Server 11 X86_64,PROLIANT DL585 G7
n1ppir007-ilo.1dc.com,SuSE Linux Enterprise Server 11 X86_64,PROLIANT DL585 G7
n1ppir010-ilo.1dc.com,SuSE Linux Enterprise Server 11 X86_64,PROLIANT DL585 G7
n1ppir012-ilo.1dc.com,SuSE Linux Enterprise Server 11 X86_64,PROLIANT DL380 G7
n3ppir004-ilo.1dc.com,SuSE Linux Enterprise Server 11 X86_64,PROLIANT DL585 G7
n3ppir005-ilo.1dc.com,SuSE Linux Enterprise Server 11 X86_64,PROLIANT DL585 G7
n3ppir006-ilo.1dc.com,SuSE Linux Enterprise Server 11 X86_64,PROLIANT DL585 G7
n3ppir007-ilo.1dc.com,SuSE Linux Enterprise Server 11 X86_64,PROLIANT DL585 G7
n3ppir008-ilo.1dc.com,SuSE Linux Enterprise Server 11 X86_64,PROLIANT DL585 G7
n3ppir009-ilo.1dc.com,SuSE Linux Enterprise Server 11 X86_64,PROLIANT DL585 G7
n3ppir012-ilo.1dc.com,SuSE Linux Enterprise Server 11 X86_64,PROLIANT DL380 G7
nabpdb1000-ilo.1dc.com,SuSE Linux Enterprise Server 11 X86_64,PROLIANT DL380P GEN8
nabpdb1001-ilo.1dc.com,SuSE Linux Enterprise Server 11 X86_64,PROLIANT DL380P GEN8
nabpdb1002-ilo.1dc.com,SuSE Linux Enterprise Server 11 X86_64,PROLIANT DL380P GEN8
nappir001-ilo.1dc.com,SuSE Linux Enterprise Server 11 X86_64,PROLIANT DL585 G7
nappir002-ilo.1dc.com,SuSE Linux Enterprise Server 11 X86_64,PROLIANT DL585 G7
nappir003-ilo.1dc.com,SuSE Linux Enterprise Server 11 X86_64,PROLIANT DL585 G7
nappir004-ilo.1dc.com,SuSE Linux Enterprise Server 11 X86_64,PROLIANT DL585 G7
nappir005-ilo.1dc.com,SuSE Linux Enterprise Server 11 X86_64,PROLIANT DL585 G7
nappir006-ilo.1dc.com,SuSE Linux Enterprise Server 11 X86_64,PROLIANT DL585 G7
nappir007-ilo.1dc.com,SuSE Linux Enterprise Server 11 X86_64,PROLIANT DL585 G7
nbppdb1000-ilo.1dc.com,SuSE Linux Enterprise Server 11 X86_64,PROLIANT DL380P GEN8
nbppdb1001-ilo.1dc.com,SuSE Linux Enterprise Server 11 X86_64,PROLIANT DL380P GEN8
nbppdb1002-ilo.1dc.com,SuSE Linux Enterprise Server 11 X86_64,PROLIANT DL380P GEN8
nbppir001-ilo.1dc.com,SuSE Linux Enterprise Server 11 X86_64,PROLIANT DL585 G7
nbppir002-ilo.1dc.com,SuSE Linux Enterprise Server 11 X86_64,PROLIANT DL585 G7
nbppir003-ilo.1dc.com,SuSE Linux Enterprise Server 11 X86_64,PROLIANT DL585 G7
nbppir004-ilo.1dc.com,SuSE Linux Enterprise Server 11 X86_64,PROLIANT DL585 G7
nbppir005-ilo.1dc.com,SuSE Linux Enterprise Server 11 X86_64,PROLIANT DL585 G7
nbppir006-ilo.1dc.com,SuSE Linux Enterprise Server 11 X86_64,PROLIANT DL585 G7
nbppir007-ilo.1dc.com,SuSE Linux Enterprise Server 11 X86_64,PROLIANT DL585 G7
r1bpdb999-ilo.1dc.com,Red Hat Enterprise Linux Server 5 X86_64,PROLIANT BL685C G7
r1bpir1000-ilo.1dc.com,Red Hat Enterprise Linux Server 6 X86_64,PROLIANT DL585 G7
r1bpir1001-ilo.1dc.com,Red Hat Enterprise Linux Server 6 X86_64,PROLIANT DL585 G7
r1bptl1000-idrac.1dc.com,Red Hat Enterprise Linux Server 6 X86_64,POWEREDGE R730
r1dptl1000-idrac.1dc.com,Red Hat Enterprise Linux Server 6 X86_64,POWEREDGE R730
r1ppap1004-ilo.1dc.com,Red Hat Enterprise Linux Server 6 X86_64,PROLIANT DL380P GEN8
r1ppap1005-ilo.1dc.com,Red Hat Enterprise Linux Server 6 X86_64,PROLIANT DL380P GEN8
r1ppap1006-ilo.1dc.com,Red Hat Enterprise Linux Server 6 X86_64,PROLIANT DL380P GEN8
r1ppap1007-ilo.1dc.com,Red Hat Enterprise Linux Server 6 X86_64,PROLIANT DL380P GEN8
r1ppap1008-ilo.1dc.com,Red Hat Enterprise Linux Server 6 X86_64,PROLIANT DL380P GEN8
r1ppap1009-ilo.1dc.com,Red Hat Enterprise Linux Server 6 X86_64,PROLIANT DL380P GEN8
r1ppap1010-ilo.1dc.com,Red Hat Enterprise Linux Server 6 X86_64,PROLIANT DL380P GEN8
r1ppap1011-ilo.1dc.com,Red Hat Enterprise Linux Server 6 X86_64,PROLIANT DL380P GEN8
r1ppap1012-ilo.1dc.com,Red Hat Enterprise Linux Server 6 X86_64,PROLIANT DL380P GEN8
r1ppap1013-ilo.1dc.com,Red Hat Enterprise Linux Server 7 X86_64,PROLIANT DL380P GEN8
r1ppap1014-ilo.1dc.com,Red Hat Enterprise Linux Server 7 X86_64,PROLIANT DL380P GEN8
r1ppap1015-ilo.1dc.com,Red Hat Enterprise Linux Server 7 X86_64,PROLIANT DL380P GEN8
r1ppap1016-ilo.1dc.com,Red Hat Enterprise Linux Server 6 X86_64,PROLIANT DL380P GEN8
r1ppap1017-ilo.1dc.com,Red Hat Enterprise Linux Server 6 X86_64,PROLIANT DL380P GEN8
r1ppap1018-ilo.1dc.com,Red Hat Enterprise Linux Server 6 X86_64,PROLIANT DL380P GEN8
r1ppap1019-ilo.1dc.com,Red Hat Enterprise Linux Server 6 X86_64,PROLIANT DL380P GEN8
r1ppap1020-ilo.1dc.com,Red Hat Enterprise Linux Server 6 X86_64,PROLIANT DL380P GEN8
r1ppap1021-ilo.1dc.com,Red Hat Enterprise Linux Server 6 X86_64,PROLIANT DL380P GEN8
r1ppap1022-ilo.1dc.com,Red Hat Enterprise Linux Server 6 X86_64,PROLIANT DL380P GEN8
r1ppap1023-ilo.1dc.com,Red Hat Enterprise Linux Server 6 X86_64,PROLIANT DL380P GEN8
r1ppap1024-idrac.1dc.com,Red Hat Enterprise Linux Server 6 X86_64,POWEREDGE R730
r1ppap1025-idrac.1dc.com,Red Hat Enterprise Linux Server 6 X86_64,POWEREDGE R730
r1ppap1026-idrac.1dc.com,Red Hat Enterprise Linux Server 6 X86_64,POWEREDGE R730
r1ppap1027-idrac.1dc.com,Red Hat Enterprise Linux Server 6 X86_64,POWEREDGE R730
r1ppap1028-idrac.1dc.com,Red Hat Enterprise Linux Server 6 X86_64,POWEREDGE R730
r1ppap1029-idrac.1dc.com,Red Hat Enterprise Linux Server 6 X86_64,POWEREDGE R730
r1ppap1030-idrac.1dc.com,Red Hat Enterprise Linux Server 6 X86_64,POWEREDGE R730
r1ppap1031-idrac.1dc.com,Red Hat Enterprise Linux Server 6 X86_64,POWEREDGE R730
r1ppap1032-idrac.1dc.com,Red Hat Enterprise Linux Server 6 X86_64,POWEREDGE R730
r1ppap1033-idrac.1dc.com,Red Hat Enterprise Linux Server 6 X86_64,POWEREDGE R730
r1ppap1034-idrac.1dc.com,Red Hat Enterprise Linux Server 6 X86_64,POWEREDGE R730
r1ppap1035-idrac.1dc.com,Red Hat Enterprise Linux Server 6 X86_64,POWEREDGE R730
r1ppap1037-drac.1dc.com,Red Hat Enterprise Linux Server 6 X86_64,POWEREDGE R730XD
r1ppap1038-drac.1dc.com,Red Hat Enterprise Linux Server 6 X86_64,POWEREDGE R730XD
r1ppap1040-drac.1dc.com,Red Hat Enterprise Linux Server 6 X86_64,POWEREDGE R730XD
r1ppap1041-drac.1dc.com,Red Hat Enterprise Linux Server 6 X86_64,POWEREDGE R730XD
r1ppap1042-drac.1dc.com,Red Hat Enterprise Linux Server 6 X86_64,POWEREDGE R730XD
r1ppap1043-drac.1dc.com,Red Hat Enterprise Linux Server 6 X86_64,POWEREDGE R730XD
r1ppap1044-drac.1dc.com,Red Hat Enterprise Linux Server 6 X86_64,POWEREDGE R730XD
r1ppap1045-drac.1dc.com,Red Hat Enterprise Linux Server 6 X86_64,POWEREDGE R730XD
r1ppap1046-drac.1dc.com,Red Hat Enterprise Linux Server 6 X86_64,POWEREDGE R730XD
r1ppap1047-drac.1dc.com,Red Hat Enterprise Linux Server 6 X86_64,POWEREDGE R730XD
r1ppap1048-drac.1dc.com,Red Hat Enterprise Linux Server 6 X86_64,POWEREDGE R730XD
r1ppap1049-drac.1dc.com,Red Hat Enterprise Linux Server 6 X86_64,POWEREDGE R730XD
r1ppap1050-drac.1dc.com,Red Hat Enterprise Linux Server 6 X86_64,POWEREDGE R730XD
r1ppap1051-drac.1dc.com,Red Hat Enterprise Linux Server 6 X86_64,POWEREDGE R730XD
r1ppap1052-drac.1dc.com,Red Hat Enterprise Linux Server 6 X86_64,POWEREDGE R730XD
r1ppap1053-drac.1dc.com,Red Hat Enterprise Linux Server 6 X86_64,POWEREDGE R730XD
r1ppap1054-drac.1dc.com,Red Hat Enterprise Linux Server 6 X86_64,POWEREDGE R730XD
r1ppap1055-ctl.1dc.com,Red Hat Enterprise Linux Server 7 X86_64,POWEREDGE R730
r1ppap1056-ctl.1dc.com,Red Hat Enterprise Linux Server 7 X86_64,POWEREDGE R730
r1ppap1057-ctl.1dc.com,Red Hat Enterprise Linux Server 7 X86_64,POWEREDGE R730
r1ppap1058-ctl.1dc.com,Red Hat Enterprise Linux Server 7 X86_64,POWEREDGE R730
r1ppap1059-ctl.1dc.com,Red Hat Enterprise Linux Server 7 X86_64,POWEREDGE R730
r1ppap1060-ctl.1dc.com,Red Hat Enterprise Linux Server 7 X86_64,POWEREDGE R730
r1ppap1061-ctl.1dc.com,Red Hat Enterprise Linux Server 7 X86_64,POWEREDGE R730
r1ppap1062-ctl.1dc.com,Red Hat Enterprise Linux Server 7 X86_64,POWEREDGE R730
r1ppap1063-ctl.1dc.com,Red Hat Enterprise Linux Server 7 X86_64,POWEREDGE R730
r1ppap1064-ctl.1dc.com,Red Hat Enterprise Linux Server 6 X86_64,POWEREDGE R730
r1ppap1065-ctl.1dc.com,Red Hat Enterprise Linux Server 6 X86_64,POWEREDGE R730
r1ppap1066-ctl.1dc.com,Red Hat Enterprise Linux Server 6 X86_64,POWEREDGE R730
r1ppap1067-ctl.1dc.com,Red Hat Enterprise Linux Server 6 X86_64,POWEREDGE R730
r1ppap1068-ctl.1dc.com,Red Hat Enterprise Linux Server 6 X86_64,POWEREDGE R730
r1ppdb1000-ilo.1dc.com,Red Hat Enterprise Linux Server 6 X86_64,PROLIANT DL380P GEN8
r1ppdb1001-ilo.1dc.com,Red Hat Enterprise Linux Server 6 X86_64,PROLIANT DL380P GEN8
r1ppdb1002-ilo.1dc.com,Red Hat Enterprise Linux Server 6 X86_64,PROLIANT DL380P GEN8
r1ppdb1003-ilo.1dc.com,Red Hat Enterprise Linux Server 6 X86_64,PROLIANT DL380P GEN8
r1ppdb1004-ilo.1dc.com,Red Hat Enterprise Linux Server 6 X86_64,PROLIANT DL380P GEN8
r1ppdb1006-ctl.1dc.com,Red Hat Enterprise Linux Server 7 X86_64,POWEREDGE R730
r1ppdb1007-ctl.1dc.com,Red Hat Enterprise Linux Server 7 X86_64,POWEREDGE R730
r1ppdb1008-ctl.1dc.com,Red Hat Enterprise Linux Server 7 X86_64,POWEREDGE R730
r1ppdb1009-ctl.1dc.com,Red Hat Enterprise Linux Server 7 X86_64,POWEREDGE R730
r1ppdb1010-ctl.1dc.com,Red Hat Enterprise Linux Server 7 X86_64,POWEREDGE R730
r1ppdb1011-ctl.1dc.com,Red Hat Enterprise Linux Server 7 X86_64,POWEREDGE R730
r1ppdb1012-ctl.1dc.com,Red Hat Enterprise Linux Server 7 X86_64,POWEREDGE R730
r1ppdb1013-ctl.1dc.com,Red Hat Enterprise Linux Server 7 X86_64,POWEREDGE R730
r1ppdb1014-ctl.1dc.com,Red Hat Enterprise Linux Server 7 X86_64,POWEREDGE R730
r1ppir1000-ilo.1dc.com,Red Hat Enterprise Linux Server 6 X86_64,PROLIANT DL585 G7
r1ppir1001-ilo.1dc.com,Red Hat Enterprise Linux Server 6 X86_64,PROLIANT DL585 G7
r1ppir1002-ilo.1dc.com,Red Hat Enterprise Linux Server 6 X86_64,PROLIANT DL585 G7
r1ppir1003-ilo.1dc.com,Red Hat Enterprise Linux Server 6 X86_64,PROLIANT DL585 G7
r1ppir1004-ilo.1dc.com,Red Hat Enterprise Linux Server 6 X86_64,PROLIANT DL585 G7
r1ppir1005-ilo.1dc.com,Red Hat Enterprise Linux Server 6 X86_64,PROLIANT DL585 G7
r1ppir1006-ilo.1dc.com,Red Hat Enterprise Linux Server 6 X86_64,PROLIANT DL585 G7
r1ppir1007-ilo.1dc.com,Red Hat Enterprise Linux Server 6 X86_64,PROLIANT DL585 G7
r1ppir1008-ilo.1dc.com,Red Hat Enterprise Linux Server 6 X86_64,PROLIANT DL585 G7
r1ppir1009-ilo.1dc.com,Red Hat Enterprise Linux Server 6 X86_64,PROLIANT DL585 G7
r1ppir1010-ilo.1dc.com,Red Hat Enterprise Linux Server 6 X86_64,PROLIANT DL585 G7
r1ppir1011-ilo.1dc.com,Red Hat Enterprise Linux Server 6 X86_64,PROLIANT DL585 G7
r1ppir1012-ilo.1dc.com,Red Hat Enterprise Linux Server 7 X86_64,PROLIANT DL380 GEN9
r1ppir1013-ilo.1dc.com,Red Hat Enterprise Linux Server 7 X86_64,PROLIANT DL380 GEN9
r1ppir1014-ilo.1dc.com,Red Hat Enterprise Linux Server 7 X86_64,PROLIANT DL380 GEN9
r1ppir1015-ilo.1dc.com,Red Hat Enterprise Linux Server 7 X86_64,PROLIANT DL380 GEN9
r1ppir1016-ilo.1dc.com,Red Hat Enterprise Linux Server 7 X86_64,PROLIANT DL380 GEN9
r1ppir1017-ilo.1dc.com,Red Hat Enterprise Linux Server 7 X86_64,PROLIANT DL380 GEN9
r1ppir1018-ilo.1dc.com,Red Hat Enterprise Linux Server 7 X86_64,PROLIANT DL380 GEN9
r1ppir1019-ilo.1dc.com,Red Hat Enterprise Linux Server 7 X86_64,PROLIANT DL380 GEN9
r1ppir1020-ilo.1dc.com,Red Hat Enterprise Linux Server 7 X86_64,PROLIANT DL380 GEN9
r1ppir1021-ilo.1dc.com,Red Hat Enterprise Linux Server 7 X86_64,PROLIANT DL380 GEN9
r1ppir1022-ilo.1dc.com,Red Hat Enterprise Linux Server 7 X86_64,PROLIANT DL380 GEN9
r1ppir1023-ilo.1dc.com,Red Hat Enterprise Linux Server 7 X86_64,PROLIANT DL380 GEN9
r1ppir1024-ilo.1dc.com,Red Hat Enterprise Linux Server 7 X86_64,PROLIANT DL380 GEN9
r1ppir1025-ilo.1dc.com,Red Hat Enterprise Linux Server 7 X86_64,PROLIANT DL380 GEN9
r1ppir1026-ilo.1dc.com,Red Hat Enterprise Linux Server 7 X86_64,PROLIANT DL380 GEN9
r1ppir1027-ilo.1dc.com,Red Hat Enterprise Linux Server 7 X86_64,PROLIANT DL380 GEN9
r1ppir1028-ilo.1dc.com,Red Hat Enterprise Linux Server 7 X86_64,PROLIANT DL380 GEN9
r1ppir1029-ilo.1dc.com,Red Hat Enterprise Linux Server 7 X86_64,PROLIANT DL380 GEN9
r1ppir1030-ilo.1dc.com,Red Hat Enterprise Linux Server 7 X86_64,PROLIANT DL380 GEN9
r1ppir1031-ilo.1dc.com,Red Hat Enterprise Linux Server 7 X86_64,PROLIANT DL380 GEN9
r1ppir1032-ilo.1dc.com,Red Hat Enterprise Linux Server 7 X86_64,PROLIANT DL380 GEN9
r1ppir1033-ilo.1dc.com,Red Hat Enterprise Linux Server 7 X86_64,PROLIANT DL380 GEN9
r1ppir1034-ilo.1dc.com,Red Hat Enterprise Linux Server 7 X86_64,PROLIANT DL380 GEN9
r1ppir1035-ilo.1dc.com,Red Hat Enterprise Linux Server 7 X86_64,PROLIANT DL380 GEN9
r1pptl1002-idrac.1dc.com,Red Hat Enterprise Linux Server 6 X86_64,POWEREDGE R730
r1qpap1000-ilo.1dc.com,Red Hat Enterprise Linux Server 6 X86_64,PROLIANT DL380P GEN8
r1qpap1001-ilo.1dc.com,Red Hat Enterprise Linux Server 6 X86_64,PROLIANT DL380P GEN8
r1qpap1002-ilo.1dc.com,Red Hat Enterprise Linux Server 6 X86_64,PROLIANT DL380P GEN8
r1qpap1003-ilo.1dc.com,Red Hat Enterprise Linux Server 6 X86_64,PROLIANT DL380P GEN8
r1qpap1004-ilo.1dc.com,Red Hat Enterprise Linux Server 6 X86_64,PROLIANT DL380P GEN8
r1qpap1005-ilo.1dc.com,Red Hat Enterprise Linux Server 6 X86_64,PROLIANT DL380P GEN8
r1qpap1006-ilo.1dc.com,Red Hat Enterprise Linux Server 6 X86_64,PROLIANT DL380P GEN8
r1qpap1007-ilo.1dc.com,Red Hat Enterprise Linux Server 6 X86_64,PROLIANT DL380P GEN8
r1qpap1008-ilo.1dc.com,Red Hat Enterprise Linux Server 6 X86_64,PROLIANT DL380P GEN8
r1qpap1009-ilo.1dc.com,Red Hat Enterprise Linux Server 7 X86_64,PROLIANT DL380P GEN8
r1qpap1010-ilo.1dc.com,Red Hat Enterprise Linux Server 7 X86_64,PROLIANT DL380P GEN8
r1qpap1011-ilo.1dc.com,Red Hat Enterprise Linux Server 7 X86_64,PROLIANT DL380P GEN8
r1qpap1012-ilo.1dc.com,Red Hat Enterprise Linux Server 6 X86_64,PROLIANT DL380P GEN8
r1qpap1013-ilo.1dc.com,Red Hat Enterprise Linux Server 6 X86_64,PROLIANT DL380P GEN8
r1qpap1014-ilo.1dc.com,Red Hat Enterprise Linux Server 6 X86_64,PROLIANT DL380P GEN8
r1qpap1015-ilo.1dc.com,Red Hat Enterprise Linux Server 6 X86_64,PROLIANT DL380P GEN8
r1qpap1016-ilo.1dc.com,Red Hat Enterprise Linux Server 6 X86_64,PROLIANT DL380P GEN8
r1qpap1017-ilo.1dc.com,Red Hat Enterprise Linux Server 6 X86_64,PROLIANT DL380P GEN8
r1qpap1018-ilo.1dc.com,Red Hat Enterprise Linux Server 6 X86_64,PROLIANT DL380P GEN8
r1qpap1019-ilo.1dc.com,Red Hat Enterprise Linux Server 6 X86_64,PROLIANT DL380P GEN8
r1qpap1020-idrac.1dc.com,Red Hat Enterprise Linux Server 6 X86_64,POWEREDGE R730
r1qpap1021-ctl.1dc.com,Red Hat Enterprise Linux Server 7 X86_64,POWEREDGE R730
r1qpap1022-ctl.1dc.com,Red Hat Enterprise Linux Server 7 X86_64,POWEREDGE R730
r1qpap1023-ctl.1dc.com,Red Hat Enterprise Linux Server 7 X86_64,POWEREDGE R730
r1qpap1024-ctl.1dc.com,Red Hat Enterprise Linux Server 7 X86_64,POWEREDGE R730
r1qpdb1000-ilo.1dc.com,Red Hat Enterprise Linux Server 6 X86_64,PROLIANT DL380P GEN8
r1qpdb1001-ilo.1dc.com,Red Hat Enterprise Linux Server 6 X86_64,PROLIANT DL380P GEN8
r1qpdb1002-ilo.1dc.com,Red Hat Enterprise Linux Server 6 X86_64,PROLIANT DL380P GEN8
r1qpdb1003-ilo.1dc.com,Red Hat Enterprise Linux Server 6 X86_64,PROLIANT DL380P GEN8
r1qpdb1004-ilo.1dc.com,Red Hat Enterprise Linux Server 6 X86_64,PROLIANT DL380P GEN8
r1qpdb1005-ctl.1dc.com,Red Hat Enterprise Linux Server 7 X86_64,POWEREDGE R730
r1qpdb1006-ctl.1dc.com,Red Hat Enterprise Linux Server 7 X86_64,POWEREDGE R730
r1qpdb1007-ctl.1dc.com,Red Hat Enterprise Linux Server 7 X86_64,POWEREDGE R730
r1qpdb1008-ctl.1dc.com,Red Hat Enterprise Linux Server 7 X86_64,POWEREDGE R730
r1qpdb1009-ctl.1dc.com,Red Hat Enterprise Linux Server 7 X86_64,POWEREDGE R730
r1qpdb1010-ctl.1dc.com,Red Hat Enterprise Linux Server 7 X86_64,POWEREDGE R730
r1qpdb1011-ctl.1dc.com,Red Hat Enterprise Linux Server 7 X86_64,POWEREDGE R730
r1qpdb1012-ctl.1dc.com,Red Hat Enterprise Linux Server 7 X86_64,POWEREDGE R730
r1qpdb1013-ctl.1dc.com,Red Hat Enterprise Linux Server 7 X86_64,POWEREDGE R730
r3bpir1000-ilo.1dc.com,Red Hat Enterprise Linux Server 6 X86_64,PROLIANT DL585 G7
r3bpir1001-ilo.1dc.com,Red Hat Enterprise Linux Server 6 X86_64,PROLIANT DL585 G7
r3bptl1000-idrac.1dc.com,Red Hat Enterprise Linux Server 6 X86_64,POWEREDGE R730
r3cpap1000-ilo.1dc.com,Red Hat Enterprise Linux Server 6 X86_64,PROLIANT DL380P GEN8
r3cpap1001-ilo.1dc.com,Red Hat Enterprise Linux Server 6 X86_64,PROLIANT DL380P GEN8
r3cpap1002-ilo.1dc.com,Red Hat Enterprise Linux Server 6 X86_64,PROLIANT DL380P GEN8
r3cpap1003-ilo.1dc.com,Red Hat Enterprise Linux Server 6 X86_64,PROLIANT DL380P GEN8
r3cpap1004-ilo.1dc.com,Red Hat Enterprise Linux Server 6 X86_64,PROLIANT DL380P GEN8
r3cpap1005-ilo.1dc.com,Red Hat Enterprise Linux Server 6 X86_64,PROLIANT DL380P GEN8
r3cpap1006-ilo.1dc.com,Red Hat Enterprise Linux Server 6 X86_64,PROLIANT DL380P GEN8
r3cpap1007-ilo.1dc.com,Red Hat Enterprise Linux Server 6 X86_64,PROLIANT DL380P GEN8
r3cpap1012-ilo.1dc.com,Red Hat Enterprise Linux Server 6 X86_64,PROLIANT DL380P GEN8
r3cpap1013-ilo.1dc.com,Red Hat Enterprise Linux Server 6 X86_64,PROLIANT DL380P GEN8
r3cpap1014-ilo.1dc.com,Red Hat Enterprise Linux Server 6 X86_64,PROLIANT DL380P GEN8
r3cpap1015-ilo.1dc.com,Red Hat Enterprise Linux Server 6 X86_64,PROLIANT DL380P GEN8
r3cpap1016-ilo.1dc.com,Red Hat Enterprise Linux Server 6 X86_64,PROLIANT DL380P GEN8
r3cpap1017-ilo.1dc.com,Red Hat Enterprise Linux Server 6 X86_64,PROLIANT DL380P GEN8
r3cpap1018-ilo.1dc.com,Red Hat Enterprise Linux Server 6 X86_64,PROLIANT DL380P GEN8
r3cpap1019-ilo.1dc.com,Red Hat Enterprise Linux Server 6 X86_64,PROLIANT DL380P GEN8
r3cpdb1000-ilo.1dc.com,Red Hat Enterprise Linux Server 6 X86_64,PROLIANT DL380P GEN8
r3cpdb1001-ilo.1dc.com,Red Hat Enterprise Linux Server 6 X86_64,PROLIANT DL380P GEN8
r3cpdb1002-ilo.1dc.com,Red Hat Enterprise Linux Server 6 X86_64,PROLIANT DL380P GEN8
r3cpdb1003-ilo.1dc.com,Red Hat Enterprise Linux Server 6 X86_64,PROLIANT DL380P GEN8
r3cpdb1004-ilo.1dc.com,Red Hat Enterprise Linux Server 6 X86_64,PROLIANT DL380P GEN8
r3ppap1000-ilo.1dc.com,Red Hat Enterprise Linux Server 6 X86_64,PROLIANT DL380P GEN8
r3ppap1001-ilo.1dc.com,Red Hat Enterprise Linux Server 6 X86_64,PROLIANT DL380P GEN8
r3ppap1002-ilo.1dc.com,Red Hat Enterprise Linux Server 6 X86_64,PROLIANT DL380P GEN8
r3ppap1003-ilo.1dc.com,Red Hat Enterprise Linux Server 6 X86_64,PROLIANT DL380P GEN8
r3ppap1004-ilo.1dc.com,Red Hat Enterprise Linux Server 6 X86_64,PROLIANT DL380P GEN8
r3ppap1005-ilo.1dc.com,Red Hat Enterprise Linux Server 6 X86_64,PROLIANT DL380P GEN8
r3ppap1006-ilo.1dc.com,Red Hat Enterprise Linux Server 6 X86_64,PROLIANT DL380P GEN8
r3ppap1007-ilo.1dc.com,Red Hat Enterprise Linux Server 6 X86_64,PROLIANT DL380P GEN8
r3ppap1008-ilo.1dc.com,Red Hat Enterprise Linux Server 6 X86_64,PROLIANT DL380P GEN8
r3ppap1009-ilo.1dc.com,Red Hat Enterprise Linux Server 7 X86_64,PROLIANT DL380P GEN8
r3ppap1010-ilo.1dc.com,Red Hat Enterprise Linux Server 7 X86_64,PROLIANT DL380P GEN8
r3ppap1011-ilo.1dc.com,Red Hat Enterprise Linux Server 7 X86_64,PROLIANT DL380P GEN8
r3ppap1012-ilo.1dc.com,Red Hat Enterprise Linux Server 6 X86_64,PROLIANT DL380P GEN8
r3ppap1013-ilo.1dc.com,Red Hat Enterprise Linux Server 6 X86_64,PROLIANT DL380P GEN8
r3ppap1014-ilo.1dc.com,Red Hat Enterprise Linux Server 6 X86_64,PROLIANT DL380P GEN8
r3ppap1015-ilo.1dc.com,Red Hat Enterprise Linux Server 6 X86_64,PROLIANT DL380P GEN8
r3ppap1016-ilo.1dc.com,Red Hat Enterprise Linux Server 6 X86_64,PROLIANT DL380P GEN8
r3ppap1017-ilo.1dc.com,Red Hat Enterprise Linux Server 6 X86_64,PROLIANT DL380P GEN8
r3ppap1018-ilo.1dc.com,Red Hat Enterprise Linux Server 6 X86_64,PROLIANT DL380P GEN8
r3ppap1019-ilo.1dc.com,Red Hat Enterprise Linux Server 6 X86_64,PROLIANT DL380P GEN8
r3ppap1024-idrac.1dc.com,Red Hat Enterprise Linux Server 6 X86_64,POWEREDGE R730
r3ppap1025-idrac.1dc.com,Red Hat Enterprise Linux Server 6 X86_64,POWEREDGE R730
r3ppap1026-idrac.1dc.com,Red Hat Enterprise Linux Server 6 X86_64,POWEREDGE R730
r3ppap1027-idrac.1dc.com,Red Hat Enterprise Linux Server 6 X86_64,POWEREDGE R730
r3ppap1028-idrac.1dc.com,Red Hat Enterprise Linux Server 6 X86_64,POWEREDGE R730
r3ppap1029-idrac.1dc.com,Red Hat Enterprise Linux Server 6 X86_64,POWEREDGE R730
r3ppap1030-idrac.1dc.com,Red Hat Enterprise Linux Server 6 X86_64,POWEREDGE R730
r3ppap1031-idrac.1dc.com,Red Hat Enterprise Linux Server 6 X86_64,POWEREDGE R730
r3ppap1032-idrac.1dc.com,Red Hat Enterprise Linux Server 6 X86_64,POWEREDGE R730
r3ppap1033-idrac.1dc.com,Red Hat Enterprise Linux Server 6 X86_64,POWEREDGE R730
r3ppap1034-idrac.1dc.com,Red Hat Enterprise Linux Server 6 X86_64,POWEREDGE R730
r3ppap1035-idrac.1dc.com,Red Hat Enterprise Linux Server 6 X86_64,POWEREDGE R730
r3ppap1036-drac.1dc.com,Red Hat Enterprise Linux Server 6 X86_64,POWEREDGE R730XD
r3ppap1037-drac.1dc.com,Red Hat Enterprise Linux Server 6 X86_64,POWEREDGE R730XD
r3ppap1038-drac.1dc.com,Red Hat Enterprise Linux Server 6 X86_64,POWEREDGE R730XD
r3ppap1039-drac.1dc.com,Red Hat Enterprise Linux Server 6 X86_64,POWEREDGE R730XD
r3ppap1040-drac.1dc.com,Red Hat Enterprise Linux Server 6 X86_64,POWEREDGE R730XD
r3ppap1041-drac.1dc.com,Red Hat Enterprise Linux Server 6 X86_64,POWEREDGE R730XD
r3ppap1042-drac.1dc.com,Red Hat Enterprise Linux Server 6 X86_64,POWEREDGE R730XD
r3ppap1043-drac.1dc.com,Red Hat Enterprise Linux Server 6 X86_64,POWEREDGE R730XD
r3ppap1044-drac.1dc.com,Red Hat Enterprise Linux Server 6 X86_64,POWEREDGE R730XD
r3ppap1045-drac.1dc.com,Red Hat Enterprise Linux Server 6 X86_64,POWEREDGE R730XD
r3ppap1046-drac.1dc.com,Red Hat Enterprise Linux Server 6 X86_64,POWEREDGE R620
r3ppap1047-drac.1dc.com,Red Hat Enterprise Linux Server 6 X86_64,POWEREDGE R620
r3ppap1048-ctl.1dc.com,Red Hat Enterprise Linux Server 7 X86_64,POWEREDGE R730
r3ppap1050-ctl.1dc.com,Red Hat Enterprise Linux Server 7 X86_64,POWEREDGE R730
r3ppap1052-ctl.1dc.com,Red Hat Enterprise Linux Server 7 X86_64,POWEREDGE R730
r3ppap1053-ctl.1dc.com,Red Hat Enterprise Linux Server 7 X86_64,POWEREDGE R730
r3ppap1054-ctl.1dc.com,Red Hat Enterprise Linux Server 7 X86_64,POWEREDGE R730
r3ppap1055-ctl.1dc.com,Red Hat Enterprise Linux Server 7 X86_64,POWEREDGE R730
r3ppap1056-ctl.1dc.com,Red Hat Enterprise Linux Server 7 X86_64,POWEREDGE R730
r3ppap1057-ctl.1dc.com,Red Hat Enterprise Linux Server 7 X86_64,POWEREDGE R730
r3ppap1058-ctl.1dc.com,Red Hat Enterprise Linux Server 6 X86_64,POWEREDGE R730
r3ppap1059-ctl.1dc.com,Red Hat Enterprise Linux Server 6 X86_64,POWEREDGE R730
r3ppap1060-ctl.1dc.com,Red Hat Enterprise Linux Server 6 X86_64,POWEREDGE R730
r3ppap1061-ctl.1dc.com,Red Hat Enterprise Linux Server 6 X86_64,POWEREDGE R730
r3ppap1062-ctl.1dc.com,Red Hat Enterprise Linux Server 6 X86_64,POWEREDGE R730
r3ppdb004-ilo.1dc.com,Red Hat Enterprise Linux Server 5 X86_64,PROLIANT BL685C G7
r3ppdb1000-ilo.1dc.com,Red Hat Enterprise Linux Server 6 X86_64,PROLIANT DL380P GEN8
r3ppdb1001-ilo.1dc.com,Red Hat Enterprise Linux Server 6 X86_64,PROLIANT DL380P GEN8
r3ppdb1002-ilo.1dc.com,Red Hat Enterprise Linux Server 6 X86_64,PROLIANT DL380P GEN8
r3ppdb1003-ilo.1dc.com,Red Hat Enterprise Linux Server 6 X86_64,PROLIANT DL380P GEN8
r3ppdb1004-ilo.1dc.com,Red Hat Enterprise Linux Server 6 X86_64,PROLIANT DL380P GEN8
r3ppdb1007-ctl.1dc.com,Red Hat Enterprise Linux Server 7 X86_64,POWEREDGE R730
r3ppdb1008-ctl.1dc.com,Red Hat Enterprise Linux Server 7 X86_64,POWEREDGE R730
r3ppdb1009-ctl.1dc.com,Red Hat Enterprise Linux Server 7 X86_64,POWEREDGE R730
r3ppdb1010-ctl.1dc.com,Red Hat Enterprise Linux Server 7 X86_64,POWEREDGE R730
r3ppdb1011-ctl.1dc.com,Red Hat Enterprise Linux Server 7 X86_64,POWEREDGE R730
r3ppdb1012-ctl.1dc.com,Red Hat Enterprise Linux Server 7 X86_64,POWEREDGE R730
r3ppdb1013-ctl.1dc.com,Red Hat Enterprise Linux Server 7 X86_64,POWEREDGE R730
r3ppdb1014-ctl.1dc.com,Red Hat Enterprise Linux Server 7 X86_64,POWEREDGE R730
r3ppdb1015-ctl.1dc.com,Red Hat Enterprise Linux Server 7 X86_64,POWEREDGE R730
r3ppir1000-ilo.1dc.com,Red Hat Enterprise Linux Server 6 X86_64,PROLIANT DL585 G7
r3ppir1001-ilo.1dc.com,Red Hat Enterprise Linux Server 6 X86_64,PROLIANT DL585 G7
r3ppir1002-ilo.1dc.com,Red Hat Enterprise Linux Server 6 X86_64,PROLIANT DL585 G7
r3ppir1003-ilo.1dc.com,Red Hat Enterprise Linux Server 6 X86_64,PROLIANT DL585 G7
r3ppir1004-ilo.1dc.com,Red Hat Enterprise Linux Server 6 X86_64,PROLIANT DL585 G7
r3ppir1005-ilo.1dc.com,Red Hat Enterprise Linux Server 6 X86_64,PROLIANT DL585 G7
r3ppir1006-ilo.1dc.com,Red Hat Enterprise Linux Server 6 X86_64,PROLIANT DL585 G7
r3ppir1007-ilo.1dc.com,Red Hat Enterprise Linux Server 6 X86_64,PROLIANT DL585 G7
r3ppir1008-ilo.1dc.com,Red Hat Enterprise Linux Server 6 X86_64,PROLIANT DL585 G7
r3ppir1009-ilo.1dc.com,Red Hat Enterprise Linux Server 6 X86_64,PROLIANT DL585 G7
r3ppir1010-ilo.1dc.com,Red Hat Enterprise Linux Server 6 X86_64,PROLIANT DL585 G7
r3ppir1011-ilo.1dc.com,Red Hat Enterprise Linux Server 6 X86_64,PROLIANT DL585 G7
r3pptl1001-idrac.1dc.com,Red Hat Enterprise Linux Server 6 X86_64,POWEREDGE R730
r3qpap1000-ilo.1dc.com,Red Hat Enterprise Linux Server 6 X86_64,PROLIANT DL380P GEN8
r3qpap1001-ilo.1dc.com,Red Hat Enterprise Linux Server 6 X86_64,PROLIANT DL380P GEN8
r3qpap1002-ilo.1dc.com,Red Hat Enterprise Linux Server 6 X86_64,PROLIANT DL380P GEN8
r3qpap1003-ilo.1dc.com,Red Hat Enterprise Linux Server 6 X86_64,PROLIANT DL380P GEN8
r3qpap1004-ilo.1dc.com,Red Hat Enterprise Linux Server 6 X86_64,PROLIANT DL380P GEN8
r3qpap1005-ilo.1dc.com,Red Hat Enterprise Linux Server 6 X86_64,PROLIANT DL380P GEN8
r3qpap1006-ilo.1dc.com,Red Hat Enterprise Linux Server 6 X86_64,PROLIANT DL380P GEN8
r3qpap1007-ilo.1dc.com,Red Hat Enterprise Linux Server 6 X86_64,PROLIANT DL380P GEN8
r3qpap1008-ilo.1dc.com,Red Hat Enterprise Linux Server 6 X86_64,PROLIANT DL380P GEN8
r3qpap1009-ilo.1dc.com,Red Hat Enterprise Linux Server 7 X86_64,PROLIANT DL380P GEN8
r3qpap1010-ilo.1dc.com,Red Hat Enterprise Linux Server 7 X86_64,PROLIANT DL380P GEN8
r3qpap1011-ilo.1dc.com,Red Hat Enterprise Linux Server 7 X86_64,PROLIANT DL380P GEN8
r3qpap1012-ilo.1dc.com,Red Hat Enterprise Linux Server 6 X86_64,PROLIANT DL380P GEN8
r3qpap1013-ilo.1dc.com,Red Hat Enterprise Linux Server 6 X86_64,PROLIANT DL380P GEN8
r3qpap1014-ilo.1dc.com,Red Hat Enterprise Linux Server 6 X86_64,PROLIANT DL380P GEN8
r3qpap1015-ilo.1dc.com,Red Hat Enterprise Linux Server 6 X86_64,PROLIANT DL380P GEN8
r3qpap1016-ilo.1dc.com,Red Hat Enterprise Linux Server 6 X86_64,PROLIANT DL380P GEN8
r3qpap1017-ilo.1dc.com,Red Hat Enterprise Linux Server 6 X86_64,PROLIANT DL380P GEN8
r3qpap1018-ilo.1dc.com,Red Hat Enterprise Linux Server 6 X86_64,PROLIANT DL380P GEN8
r3qpap1019-ilo.1dc.com,Red Hat Enterprise Linux Server 6 X86_64,PROLIANT DL380P GEN8
r3qpap1020-ctl.1dc.com,Red Hat Enterprise Linux Server 7 X86_64,POWEREDGE R730
r3qpap1021-ctl.1dc.com,Red Hat Enterprise Linux Server 7 X86_64,POWEREDGE R730
r3qpap1022-ctl.1dc.com,Red Hat Enterprise Linux Server 7 X86_64,POWEREDGE R730
r3qpap1023-ctl.1dc.com,Red Hat Enterprise Linux Server 7 X86_64,POWEREDGE R730
r3qpdb1000-ilo.1dc.com,Red Hat Enterprise Linux Server 6 X86_64,PROLIANT DL380P GEN8
r3qpdb1001-ilo.1dc.com,Red Hat Enterprise Linux Server 6 X86_64,PROLIANT DL380P GEN8
r3qpdb1002-ilo.1dc.com,Red Hat Enterprise Linux Server 6 X86_64,PROLIANT DL380P GEN8
r3qpdb1003-ilo.1dc.com,Red Hat Enterprise Linux Server 6 X86_64,PROLIANT DL380P GEN8
r3qpdb1004-ilo.1dc.com,Red Hat Enterprise Linux Server 6 X86_64,PROLIANT DL380P GEN8
r3qpdb1005-ctl.1dc.com,Red Hat Enterprise Linux Server 7 X86_64,POWEREDGE R730
r3qpdb1006-ctl.1dc.com,Red Hat Enterprise Linux Server 7 X86_64,POWEREDGE R730
r3qpdb1007-ctl.1dc.com,Red Hat Enterprise Linux Server 7 X86_64,POWEREDGE R730
r3qpdb1008-ctl.1dc.com,Red Hat Enterprise Linux Server 7 X86_64,POWEREDGE R730
r3qpdb1009-ctl.1dc.com,Red Hat Enterprise Linux Server 7 X86_64,POWEREDGE R730
r3qpdb1010-ctl.1dc.com,Red Hat Enterprise Linux Server 7 X86_64,POWEREDGE R730
r3qpdb1011-ctl.1dc.com,Red Hat Enterprise Linux Server 7 X86_64,POWEREDGE R730
r3qpdb1012-ctl.1dc.com,Red Hat Enterprise Linux Server 7 X86_64,POWEREDGE R730
r3qpdb1013-ctl.1dc.com,Red Hat Enterprise Linux Server 7 X86_64,POWEREDGE R730
rappir001-ilo.1dc.com,Red Hat Enterprise Linux Server 6 X86_64,PROLIANT DL380 GEN9
rbppir001-ilo.1dc.com,Red Hat Enterprise Linux Server 6 X86_64,PROLIANT DL380 GEN9
rfppir1000-ilo.1dc.com,Red Hat Enterprise Linux Server 6 X86_64,PROLIANT DL585 G7
rfppir1001-ilo.1dc.com,Red Hat Enterprise Linux Server 6 X86_64,PROLIANT DL585 G7
rsppir1000-ilo.1dc.com,Red Hat Enterprise Linux Server 6 X86_64,PROLIANT DL585 G7
rxppir1000-ilo.1dc.com,Red Hat Enterprise Linux Server 6 X86_64,PROLIANT DL585 G7
